Feature,Coefficient
age,3472.547601244452
bmi,1929.0252052967653
children,636.9119831337634
sex_male,-101.76006423455566
smoker_yes,23076.977935520197
region_northwest,-391.93551614360655
region_southeast,-840.0540877953985
region_southwest,-658.7107463423426
