sex,count,mean,median,std
male,675,13974.999111111112,9377.9,12971.95864055402
female,662,12569.578897280968,9412.965,11128.703816662906
