smoker,count,mean,median,std
yes,274,32050.23197080292,34456.35,11541.547338191414
no,1063,8440.660460959549,7345.73,5992.97373359783
