region,count,mean,median,std
southeast,364,14735.411538461538,9294.130000000001,13971.098797297958
northeast,324,13406.384691358024,10057.654999999999,11255.80291632493
northwest,324,12450.840648148149,8976.98,11073.125642667786
southwest,325,12346.937907692307,8798.59,11557.179032924103
